raw_class,status,disease_name,description,organic_remedy,chemical_treatment,prevention
Apple___Apple_scab,Diseased,Apple Scab,Fungal infection causing dark olive spots on leaves and fruit.,Spray neem oil or sulfur-based organic fungicides.,Apply myclobutanil or mancozeb during early green tip stage.,Rake and destroy fallen leaves; prune for good air circulation.
Apple___Black_rot,Diseased,Apple Black Rot,Causes leaf spots (frogeye), fruit rot, and stem cankers.,Prune infected branches and destroy infected mummified fruit.,Apply copper fungicides or captan starting at pink bud stage.,Keep trees pruned and dispose of infected plant debris.
Apple___Cedar_apple_rust,Diseased,Cedar-Apple Rust,Fungal disease causing bright orange/yellow spots on upper leaf surfaces.,Apply sulfur or copper sprays during early spring.,Apply myclobutanil, propiconazole, or chlorothalonil.,Remove nearby Eastern Red Cedar trees if possible.
Apple___healthy,Healthy,Healthy Apple Leaf,The apple leaf is healthy with no signs of fungal or bacterial infection.,None required.,None required.,Maintain regular watering, proper fertilization, and pruning.
Cherry___Powdery_mildew,Diseased,Cherry Powdery Mildew,Causes white powdery fungal patches on young leaves and twigs.,Apply neem oil, potassium bicarbonate, or sulfur sprays.,Apply myclobutanil or tebuconazole fungicides.,Ensure full sun exposure and good air circulation around foliage.
Cherry___healthy,Healthy,Healthy Cherry Leaf,The cherry leaf is healthy and showing normal green coloration.,None required.,None required.,Prune annually and maintain balanced irrigation.
Corn___Cercospora_leaf_spot Gray_leaf_spot,Diseased,Corn Gray Leaf Spot,Fungal disease producing long, rectangular grayish-brown lesions on leaves.,Rotate crops with non-grass species and use compost teas.,Apply azoxystrobin or pyraclostrobin fungicides at silking.,Plant resistant hybrids and till field debris post-harvest.
Corn___Common_rust,Diseased,Corn Common Rust,Produces powdery cinnamon-brown pustules on both leaf surfaces.,Apply neem oil or sulfur for small-scale garden plots.,Apply triazole or strobilurin-based fungicides if severe.,Plant rust-resistant corn varieties and manage weed hosts.
Corn___Northern_Leaf_Blight,Diseased,Northern Corn Leaf Blight,Causes large, cigar-shaped grayish-green to tan lesions on leaves.,Practice crop rotation and apply bio-fungicides containing Bacillus subtilis.,Apply propiconazole or mancozeb at first sign of lesions.,Use resistant seed varieties and clear field residue after harvest.
Corn___healthy,Healthy,Healthy Corn Leaf,The corn leaf shows vibrant green color with no visible lesions.,None required.,None required.,Ensure proper nitrogen fertilization and adequate spacing.
Grape___Black_rot,Diseased,Grape Black Rot,Fungal attack causing small reddish-brown leaf spots and shriveled black mummified berries.,Remove and burn infected mummified grapes and dead canes.,Spray captan, myclobutanil, or mancozeb during bloom.,Prune vines to open canopy to sunlight and air circulation.
Grape___Esca_(Black_Measles),Diseased,Grape Esca (Black Measles),Fungal trunk disease causing interveinal leaf scorching ("tiger-striping") and berry spotting.,Prune away infected wood during dormant season; apply trichoderma biocontrols.,No direct chemical cure; protect pruning wounds with wound sealant.,Avoid large pruning wounds during wet weather.
Grape___Leaf_blight_(Isariopsis_Leaf_Spot),Diseased,Grape Leaf Blight,Causes irregular brown lesions on leaves leading to premature defoliation.,Spray copper-based organic fungicides early in the season.,Apply chlorothalonil or mancozeb sprays.,Destroy fallen leaves and keep canopy thin to reduce moisture.
Grape___healthy,Healthy,Healthy Grape Leaf,Grape foliage is fully healthy with uniform green color.,None required.,None required.,Maintain trellis training and seasonal pruning.
Pepper,_bell___Bacterial_spot,Diseased,Pepper Bacterial Spot,Bacterial disease causing small water-soaked dark spots on leaves and fruit.,Apply copper hydroxide mixed with mancozeb for organic control.,Spray copper-based bactericides early in infection.,Use certified disease-free seeds and avoid overhead watering.
Pepper,_bell___healthy,Healthy,Healthy Pepper Leaf,Pepper plant exhibits vigorous growth with healthy green leaves.,None required.,None required.,Provide consistent moisture and balanced soil nutrients.
Potato___Early_blight,Diseased,Potato Early Blight,Fungal disease causing dark brown spots with concentric rings ("target spots") on older leaves.,Spray neem oil or copper soap early in the growing season.,Apply chlorothalonil, mancozeb, or azoxystrobin.,Rotate crops with non-solanaceous plants for 2-3 years.
Potato___Late_blight,Diseased,Potato Late Blight,Aggressive water-soaked dark lesions with white mold on leaf undersides.,Apply copper-based fungicides immediately at first notice.,Spray metalaxyl, mancozeb, or chlorothalonil.,Plant certified seed potatoes and destroy infected tubers.
Potato___healthy,Healthy,Healthy Potato Leaf,Potato foliage is green and free from blight or mosaic symptoms.,None required.,None required.,Hill soil properly and avoid waterlogging.
Strawberry___Leaf_scorch,Diseased,Strawberry Leaf Scorch,Fungal disease causing purplish spots that expand into dark brown dry blotches.,Remove affected leaves; spray copper or sulfur fungicides.,Apply thiophanate-methyl or myclobutanil after harvest.,Maintain good plant spacing and drip irrigation.
Strawberry___healthy,Healthy,Healthy Strawberry Leaf,Strawberry leaf is healthy with bright green foliage.,None required.,None required.,Mulch around plants to keep berries and leaves off wet soil.
Tomato___Bacterial_spot,Diseased,Tomato Bacterial Spot,Bacterial disease causing small dark water-soaked spots on leaves and fruit.,Spray copper octanoate or Bacillus amyloliquefaciens.,Apply copper hydroxide combined with mancozeb.,Avoid overhead watering; disinfect tools and stakes regularly.
Tomato___Early_blight,Diseased,Tomato Early Blight,Concentric brown target-like rings on lower leaves leading to yellowing and drop.,Remove infected lower leaves; apply copper fungicide or neem oil.,Apply chlorothalonil, mancozeb, or difenoconazole.,Mulch base of plants to prevent soil splash onto foliage.
Tomato___Late_blight,Diseased,Tomato Late Blight,Rapidly spreading dark water-soaked patches with white mold under leaves.,Destroy infected plants immediately; spray copper fungicides as preventive.,Apply fluopicolide, chlorothalonil, or mancozeb.,Ensure high ventilation in greenhouses and avoid wet leaves overnight.
Tomato___Leaf_Mold,Diseased,Tomato Leaf Mold,Yellow spots on upper leaf surface with velvety olive-green mold underneath.,Improve airflow; apply copper or sulfur-based sprays.,Apply chlorothalonil, mancozeb, or difenoconazole.,Keep greenhouse humidity below 85% and space plants widely.
Tomato___Septoria_leaf_spot,Diseased,Tomato Septoria Leaf Spot,Numerous small round spots with gray centers and dark borders on lower leaves.,Prune lower leaves; apply copper-based organic fungicides.,Apply chlorothalonil or mancozeb at first sign of spots.,Practice a 3-year crop rotation and mulch soil around stems.
Tomato___Spider_mites Two-spotted_spider_mite,Diseased,Two-Spotted Spider Mites,Pest infestation causing fine yellow stippling and webbing on leaf undersides.,Spray insecticidal soap, neem oil, or release predatory mites (Phytoseiidae).,Apply abamectin, bifenazate, or spiromesifen.,Keep foliage misted in hot, dry conditions to deter mites.
Tomato___Target_Spot,Diseased,Tomato Target Spot,Fungal spots with light brown centers and dark rings causing leaf loss.,Spray copper fungicides or bio-fungicides like Bacillus subtilis.,Apply azoxystrobin, chlorothalonil, or pyraclostrobin.,Ensure proper plant spacing for sunlight penetration.
Tomato___Tomato_Yellow_Leaf_Curl_Virus,Diseased,Tomato Yellow Leaf Curl Virus,Viral disease transmitted by whiteflies causing severe leaf curling, yellowing, and stunting.,Cover plants with fine mesh insect netting; spray neem oil for whiteflies.,No chemical cure for virus; use imidacloprid to control whitefly vectors.,Plant TYLCV-resistant tomato cultivars.
Tomato___Tomato_mosaic_virus,Diseased,Tomato Mosaic Virus,Viral infection causing light and dark green mosaic patterns and distorted leaves.,Remove and burn infected plants; wash hands in milk solution before handling.,No chemical cure for virus; sanitize tools with 10% bleach solution.,Use virus-free seeds and control weed hosts around garden.
Tomato___Healthy,Healthy,Healthy Tomato Leaf,Tomato foliage is dark green and robust with no spots or vector damage.,None required.,None required.,Prune suckers, stake properly, and water consistently at base.
Tomato___healthy,Healthy,Healthy Tomato Leaf,Tomato foliage is dark green and robust with no spots or vector damage.,None required.,None required.,Prune suckers, stake properly, and water consistently at base.
Strawberry___Leaf_spot,Diseased,Strawberry Leaf Spot,Causes small dark purple spots that develop gray centers on leaves and fruit.,Spray copper-based fungicides or neem oil early in season.,Apply myclobutanil, captan, or thiram.,Plant resistant varieties and avoid heavy nitrogen fertilization.